Subject,Word 1,Word 2,Word 3,Word 4,Word 5,Word 6,Word 7,Word 8,Word 9,Word 10,Word 11,Word 12,Word 13,Word 14,Word 15,Word 16,Word 17,Word 18,Word 19,Word 20,Word 21,Word 22,Word 23,Word 24,Word 25,Word 26,Word 27,Word 28,Word 29,Word 30,Word 31,Word 32,Word 33,Word 34,Word 35,Word 36,Word 37,Word 38,Word 39,Word 40,Word 41,Word 42,Word 43,Word 44,Word 45,Word 46,Word 47,Word 48,Word 49,Word 50,Word 51,Word 52,Word 53,Word 54,Word 55,Word 56,Word 57,Word 58,Word 59,Word 60
Original,lost,bolt,there,filed,beings,expect,bread,bowls,tired,could,barn,trial,smile,fires,parties,coats,sneaks,fits,wrap,braked,never,spared,cutlery,flies,tarp,signs,form,slate,quiet,diary,lots,blot,three,field,begins,except,beard,blows,tried,cloud,bran,trail,slime,fries,pirates,coast,snakes,fist,warp,barked,nerve,spread,cruelty,flies,trap,sings,from,stale,quite,dairy
5.1,lost,bolt,three,field,beings,except,bread,bowls,tired,could,barn,trial,smile,fires,parites,coats,snakes,fits,wrap,barked,never,spread,cutely,flies,trap,sings,form,slate,quiet,diary,Lots,blot,three,field,beings,except,beard,blows,tired,cloud,bran,trails,slime,fires,pirates,coast,snakes,first,wrap,barked,nerve,spread,cruetly,flies,trap, sings, from,stale, quite,dairy
5.2,lost,bolt,there,field,beings,expect,bread,bowls,tried,could,burn,trial,smile,fires,parties,coats,sneaks,fits,wrap,braked,never,spread,cutley,flees,trap,sings,from,slate,quiet,diary,lost,bolt,there,field,beings,expect,burd,blows,tired,could,bran,trial,smile,fires,pirates,coast,snakes,fist,wrap,barked,nerve,spread,cruelty,fiels,trap,sings,form,stale,quiet,diary
5.3,lost,bolt,there,field,beings,respect,bread,bowls,tired,could,barn,trial,smile,fires,paties,coats,sneaks,fits,wrap,braked,never,spread,cutlery,flies,tarp,signs,form,Slate,quite,diary,Lots,blot,tree,field,begins,escaped,Beard,blows,tried,cloud,bran,trail,slime,fries,pirates,coast,snakes,feast,rap,barked,nerve,spread,cutely,flies,trap,sings,from,stale,quite,diary
5.4,lost,bolt,there,field,begins,except,bread,bowls,tried,could,Barn,trial,smile,fresh,parties,coats,snaked,fits,warps,baked,nerves,spat,culture,files,trap,signs,forms,silt, quite,diary, lost, Bolt,three,field,begin, except, bread, blow,tried,could,bran,train,smile,fresh,parties,coats,snake,fist,wrap,baked,nerves,spread,cruel,files, trap,sings,from,slate,quite,diary
5.5,lost,bolt,there,field,begins,except,bread,bowl,trade,could,bread,trails,small,fare,parties,coast,snakes,fits,warps,baked,never,spared,cuttles,players,trap,signs,from,Salt,cute,diary,lost,bolt,there,field,begins,except,both,bowls,tried,could,brain,try,smile,fires,pats,coats,snakes,fist,warp,baked,never,spread,cruelty,files,trap,sings,from,salt,cute,dream
5.7,lost,bolt,there,field,beings,except,bread,bowls,tried,could,barn,trial,smile,fires,parties,coats,snakes,fits,warp,braked,never,spared,cutlery,flies,tarp,signs,form,slate,quiet,diary,lots,bolt,three,field,beings,except,bread,bowls,tried,could,bran,trail,smile,fries,pirates,coast,snakes,fist,warp,braked,nerve,spared,cultey,flies,trap,signs,form,slate,quiet,diary
5.8,lost,bolt,there,filed,beings,except,bread,bowls,tried,could,barn,trial,smile,fires,parties,coats,sneaks,fills,warp,braked,never,spread,country,flies,trap,signs,form,slate,quite,diary,lost,Bolt,three,field,begin,except,beard,blows,tried,cloud,barn,trial,slime,fries,pirates,coast,snakes,fist,wrap,barked,nerve,spread,cruelty,flies,trap,signs,form,stale,quiet,diary
5.9,lost,bolt,there,field,begins,except,bread,bowls,tired,could,barn,trial,smile,,paties, coats,sneaks,fits,wrap,braked,never,spared,cutlery,flies,trap,signs,form,slate,quiet,diary,lots,blot,three,field,beigns,except,beard,blow,tired,cloud,bran,trail,slime,fires,pirates,coast,snakes,fist,warp,backed,nerve,spread,cruelty,fly,trap,sings,form,slate,quite,diary
5.10,lost,bolt,there,field,beins,expect,bread,bowls,tried,could,barn,trial,smile,fires,particles,coats,sneaks,fits,warp,braked,never,spread,cultery,files,trap,signs,form,slate,quiet,diary,lots,bolt,there,field,beings,expect,beard,blows,tired,cloud,bran,trail,climb, fries, parrots,coast, snakes, first,warped,barked,nerve,spread,cruely,files, trap,sings, from ,stale, quite,diary
5.11,lost,bolt,there,field,beings,expect,bread,bowls,tired,could,barn,trial,smile,fires,parties,coats,sneaks,fits,wrap,baked,never,spared,cutlery,files,tarp,signs,form,slate,quiet,diary,lost,blot,three,field,begins,except,beard,blows,tired,could,bran,tried,good,fires,pirates,coast,snakes,fist,warp,barked,nerve,verb,cruelty,files,trap,sings,from,tale,quite,diary
5.12,lost,bolt,there,field,begins,except,bread,bowls,tried,could,barn,trial,smile,fires,pirates,coats,sneaks,fits,wrap,braked,never,spread,cultery,flies,trap,signs,form,slate,quiet,diary,lost,bolt,three,field,begin,accept,bread,bowls,tried,could,bran,trail,smile,fires,pirates,coast,snakes,first,wrap,braked,never,spread,cruelty,flies,trap,sings,from,slate,quiet,diary
5.13,lost,bolt,there,field,begins,expect,bread,blows,tired,could,barn,trail,slime, fires,parties, coats, snakes, fits,wrap,brakede,never,spread,cut,files,tarp,signs,from,slate,quiet,diary,lost,bolt,there,field,begins,expect,bread,blows,tired,could,barn,trial,smile,fires,parties,coats,snakes,first,warps,braked,never,spread,crutley,file,trap,sings,from,slate,quite,diary
5.14,lost,bolt,there,field,brings,except,bread,bowls,tried,could,barn,trail,smile,fires,parties,coats,sneaks, fits, warp,bricks,never,spread,cutley,files,trap,signs,from,silt,quite,diary,lost,boult,three,field,being,accept,bread,bowl,tried,could,bran,tale,smile,fires,partiles,coats,snacks,fist,wrap,braked,never,spread,cutley,files,trap,sings,form,stoles,quite,diary
5.15,lost,bolt,there,field,beings,expect,bread,bowls,tired,could,barn,trial,smile,fires,parties,coats,sneaks,fits,wrap,baked,never,spade,cutlery,flies,tarp,signs,form,Slate,quite,Dairy,lots,plot,three,field,begins,expect,beard,blows,tries,cloud,brand,trail,Slime,fries,pirates,coast,snakes,fist,wrap,barked,nerve,spread,cruelty,files,trap,sings,from,stale,quiet,dairy
5.16,lost,bold,there,filed,beings,expect,bread,bowls,tired,could,barn,trial,smile,fires,parties,coats,snakes,fits,wrap,braked,never,spared,cutlery,files,trap,signs,from,Slate,quite,diary,lots,Bolt,three,filed,begins,expect,bread,bowls,tired,cloud,bran,trial,smile,fires,pirates,coats,snakes,fast,rap,barked,nerve,spread,cutlery,files,trap,sings,from,slate,quite,diary
5.17,lost,bold,there,field,beings,except,bread,bowls,tired,could,band,trial,smile,fires,particles,coats,sneaks,fits,rap,braked,never,spread,cutley,files,trap,signs,from,slat,quite,diary,lots,Bolt,three,field,begins,except,beard,blows,tried,could,bran,trial,Slime,fires,pirates,coast,snakes,first,rap,barked,nerve,spread,cutley,files,trap,sings,from,cell,quite,diary
5.18,lost,bold,there,field,begins,expect,bread,bowls,tired,should,barn,trail,smile,fires,parties,coats,snakes,fits,warp,bark,never,Spark,cutlery,field,trap,signs,from,slate,quiet,diary,lost,bolt,three,field,begins,expect,Bolt,bowls, tired,cloud,barn,trail,smile,fires,pirates,cost,snakes,filled,warp,barked,never,spread,cutlery,files,trap,sings,from,Slate,quiet,diary
5.19,lost,bolt,there,field,bigs,except,bread,bowls,tired,could,but,trial,smile,fires,parties,coats,snakes,fits,warp,braked,never,slapped,cutlery,files,trap,signs,from,slate,quiet,diary,lots,Bolt,three,field,beings,except,bread,bowls,tired,cloud,broad,trail,smile,fires,pirates,coast,snakes,fist,warp,braked,nerve,spread,quickly,files,trap,slides,from,stale,quiet,diary
4.1,lost,bold,there,field,begins,expect,break,bowls,tired,could,barn,trial,smile,fires,particles,coats,snakes,fits,wrap,braked,never,spreaded,cuttley,files,trap,signs,from,Slate,quiet,diary,lost,bought,three,field,begins,expect,beards,bowls,tired,could,bran,trial,smile,fries,priced,coast,snakes,fist,wrap,braked,nerve,spread,cruelty,files,trap,sing,from,Slate,quite,diary
4.10,lost,bolt,there,field,beings,expect,bread,bowls,tired,could,barn,trial,smile,fires,parties,coast,sneaks,fits,rap,braked,never,spared,cutlery,files,tarp,signs,from,Slate,quite,diary,lost,blot,there,field,begins,expect,beard,blow,tried,cloud,bran,trail,Slime,ferries,pirates,coast,snakes,first,warp,barked,nerve,spread,cruelty,files,trap,sings,from,slate,quite,diary
4.11,lost,bolt,there,field,beings,expect,bread,balls,tired,could,barn,trial,smile,fires,parties,coats,sneaks,fits,wrap,braked,never,spared,cutlery,files,trap,signs,from,slate,quite,diary,lots,bolt,three,field,beans,except,bread,bowls,tired,could,bran,trail,smile,files,parties,coast,snakes,first,wrap,barked,never,spread,cruelity,files,trap,sings,from,stale,quite,diary
4.12,lost,bolt,there,field,being,expect,bread,bowls,tired,could,barn,trial,smile,fires,parties,coats,snakes,fits,rap,braked,never,spared,cutlery,flies,tarp,signs,form,slate,quite,diary,lots,bolt,three,field,begins,expect,beard,blows,tried,cloud,bran,trail,slime,fries,pirates,coast,snakes,fist,warp,barked,nerve,spread,cruelty,files,trap,sings,from,stale,quite,dairy
4.13,lost,bolt,there,field,beings,expect,bread,bowls,tired,could,barn,trial,smile,fires,particles,coats,sneaks,fits,warp,braked,never,spared,cutlery,flies,tarp,snig,form,Slate,quiet,diary,lots,blot,three,field,begins,expect,beard,blows,tired,could,bran,trail,smile,fries,pirates,coast,snakes,fist,warp,barked,nerve,speard,cutely,flies,trap,sings,from,stale,quite,diary
4.15,lost,bolt,there,field,beings,expect,bread,bowls,tired,could,barn,trial,smile,fires,parties,coats,sneaks,fits,wrap,bricked,never,spared,cutlery,files,trap,snigs,from,slate,quiet,diary,lost,bolt,three,field,begins,accept,their,blow,tired,cloud,bran,tale,Slime,fires,pitares,coast,snakes,fist,warp,barked,nerve,spread,cruelity,fields,trap,snakes,from,stale,quiet,diary
4.16,lost,bolt,there,field,begins,expect,bread,blows,tired,could,barn,trail,mile,first,parties,coats,sneaks,fits, warp,brake, never, spread, currently,files, trap,sings,from,slate,quiet,diary,lots,bolt,three,field,begins,expect,bread, blows,tried,cloud,bran,tale,smile,fries,parties,coats,snake,fist,wrap,braked,nerve,spread,cruelity,files,trap,sing,from,slate,quiet,diary
4.17,lost,bold,there,field,begin,expect,bread,bowls,tired,could,barn,trail,smile,fires,parts,coats,speaks,fits,warp,barked,never,spared,cutley,files,trap,sings,form,selt,quite,diar,Lots,bolt,three,field,begin,expect,bread,blows,tired,could,bran,trial,smile,fires,pats,coast,snake,fist,warp,barked,nerve,spread,cruelt,files,trap,sings,from,stale,quiet,diar
4.19,lost,bold,three,field,begins,expert,bread,blows,tired,could,Barn,tale,smile,fairs,parties,coats,speakers,fits,warp,braked,never,spread,,files,trap,sings,form,salt,quite,diary,lost,bolt,three,field,begins,expert,bread,Bolt,tired,could,barn,tale,smile,fire,was,, speakers,fist,warp,braked,never,spread,cruelty,field,trap,sing,from,suttle,quite,diary
4.2,lost,bold,there,field,begins,expect,bread,bowls,tired,could,barn,trail,smile,fires,parties,cost,sneaks, fits,warp,braked,never,spread,cutley,flies,trap,sings,from,Slate, quiet,  diary, lost, board,three, field , begins, expect, breed,blows,tired ,cloud,barn,trial,slime, fires,practiced,coast, snakes, first ,warp,barked,never,spread, cutlery, flies, trap,sings,from,stale,quite,diary
4.20,lost,bold,there,field,beings,expect,bread,Blows,tired,could,barn,trail,smile,fries,practice,coast, snakes, fist, warp, braked, never,spreaded,cultury,files,trap,sing,from,stare,quiet,diary,lots,bolt, there, field, begins,expect,bread,bowls,tried,cloud,barn,trail,smile,fries,parties,coast,snakes,fist,warp,braked,never,spreaded,culture,files,trap,sings,from,stale,quite,diary
4.22,lost,bold,there,field,being,expect,bread,bowls,tried,could,barn,trial,smile,fires,parties,coats,snakes,fits,warp,braked,never,spread,cutley,flies,trap,signs,form,slate,quiet,diary,let,blot,three,field,beings,expect,bread,blows,tired,cloud,barn,trial,smile,fries,pirates,coast,snakes,fist,warp,barked,nerve,spread,cruelty,files,trap,sings,form,stale,quite,diary
4.23,lots,bolt,there,field,being,expect,beard,bowls,tired,could,barn,trail,smile,fries,practice,coats,snakes,fits,warp,braked,never,speard,cutlery,files,trap,signs,from,slate,cute,diary,lots,bolt,three,field,beings,expect,bread,blows,tired,could,barn,trail,smile,fries,pirates,coast,snakes,fist,warp,braked,nerve,spread,cruelty,files,trap,sings,from,stale,quite,diary
4.3,lost,bold,there,field,begins,expect,bread,bowls,tried,would,barn,trial,smile,fires,parties,coast,snakes,fits,warp,braked,never,spired,culier,files,trap,sings,form,slate,quiet,diary,lost,bolt,there,field,begin,expect,bread,bowls,tried,would,barn,trial,smile,fires,particles, coast,snakes,first,warp,baked,never,spread,culier,files,trap,sings,from,Slate,quite,diary
4.5,lost,bolt,there,field,beings,expect,bread,bowls,tired,could,bran,trial,smile,fires,parties,coast,snakes,fits,warp,braked,never,spread,cutlery, files,tarp,sinks,form,slate,quiet,diary,lots,bolt,three, field,beings,expect,bread,bowls,tried,cloud,bran,trail,slime,fires,pirates,coats,snakes,fist,warp,barked,nerve,spread,cruelty,files,trap,sings,from,stale,quiet,diary
4.6,lost,bolt,there,field,being,expect,bread,bowl,tired,could,barn,trial, smile, fires, parties,coats, snakes ,fit,warp,braked,never,spread,cutlery,flies,trap,sing,form,slate,quiet,daily,lots,blot,three,field,being,expect, bread,bowl,tired,could,bran,trail,smile,fries,pirates,coast,snakes,fist,warp,brake,nerve,spread,cultry,files,trap,sing,from,slate,quiet,diary
4.7,lost,Bolt,there,field,being,expect,bread,bowls,tried,could,barn,trial,smile,fires,parties,coats,sneaks,fits,wrap,braked,never,spread,cutlery,flies,tarp,signs,form,slate,quiet,diary,lots,blot,three,field,begins,expect,beard,blows,tried,cloud,bran,trail,slime,fries,pirates,coast,snakes,fist,wrap,barked,nerve,spread,cruelty, files,trap,sings,from,stale,quiet,diary
4.8,lost,blot,there,field,being,expect,bread,bowl,tired,could,barn,,smile,fires,,coast,sneak,fits,warp,braked,never,speard,crutely,flies,trap,sings,form,slate,quiet,diary,lost,blot,three,field,being,expect,beard,blow,tired,could,bran,trail,smile,fires,,coast,snake,fist,warp,barked,never,spread,cruetly,fly,trap,sing,from,stale,quiet,diary
4.9,lost,Bolt,there,field,beings,except,bread,bowl,tried,could,bran,trial,Smiles,fires,parties,coats,snakes,fits,wrap,braked,never,spread,cutlery,files,trap,signs,from,slate,quiet,diary,lots,blot,three,field,being,except,bread,bowl,tried,could,bran,train,smile,fries,pretties,coats,snakes,first,wrap,braked,nerve,spread,quality,files,trap,sings,from,stale,quite,diary
3.10,lost,Bolt,there,field,begins,expect,bread,blows,tired,could,barn,trial,smile,fires,parties,coats,snakes,fits,wrap,braked,never,spread,cutlery,files,trap,sings,from,slate,quiet,diary,lots,bolt,three,field,begins,expect,bread,blows,tired,could,bran,trail,smile,fears,parties,coast,snakes,fist,warp,braked,never,spread,cutlery,files,trap,sings,from,slate,quiet,diary
3.11,lost,bolt,there,field,beings,except,bread,bowls,tired,could,bran,trial,smile,fires,parties,coats,sneaks,fits,,braked,never,spread,cutlery,flies,trap,sings,form,slate,quiet,diary,lots,board,three,field,beings,except,bread,bowls,tried,could,bran,trail, Slime,fries,pirates,coast,snakes, fist,warp,braked,never, spread,cutlery,files, trap,sings,from,stale,quiet,diary
3.12,lost,Bolt,there, field,being,expect,bread,bowls,tired, could,barn,trail,slime,frees,patters,coast,sneaks,fits,wrap,braked,never,spreads,cutlery,files,tarp,sings,from,slate,quit,diary,lot,blot,three,field,being,expect,,blows,tried,could,bran,trail,simple,fries,please,coats,snakes,fist,warp,barked,nerve,speard,, files, trap,sings, from,stale,quit,diary
3.13,lot,Bolt,there,field,being,escaped,bread,bowl,tired,could,barn,trail,smile, feeds , practice, coats, snakes,fits,warp, baked, never, spread, colour, files, trip,sing, form , Slate, quite, diary, lots,Bolt, three, field, beings,escaped, bread , bowls,trade,cloud,bran, trail,smile, fries, practice ,coats,snakes,fist,warp, barked, nerve, spared,cutlery, files, trap, sings,form,slate,quit,diary
3.14,lost,blot,there,field,begins,expert ,beard,bowls,tired,could,bran,trail, smile,fires,partice,coats, snakes ,fits,warp,baked,never,speard,cutlery ,,trap,sings, form, stale ,quiet,diary,lost,blot,three, field,begins,expert,beard,bowls,tried, could,bran,trail,smile,fires,pirates, coats,snakes,fist,warp,baked,,spared,cutlery,files,trap,sings,form,stale,quiet,diary
3.15,lost,bolt,there,field,begins,expert,bread,blows,tired,could,barn,trial,smile,fears,parties,coats,snakes,fits,warp,baked,never,spread,cutlery,flies,trap,sings,form,slate,quiet,diary,lost,blot,three,field,begins,expert,bread,blows,tried,could,bran,trial,smile,fries,pirate,coast,snake,fist,warp,braked,never,spreadly,cutlery,flies,trap,sings,from,slate,quiet,diary
3.16,lost,Bolt,there,field,beings,expect,bread,bowls,tired,could,barn,trial,smile,fires,parties,coats, snakes,fits,warp,barked,never,spread, cutlery,files,trap,sings,form,slate, quite, diary, Lost,bolt, three, field,beings,except,bread,bowls,tired,cloud,barn, trail, smile, fires,  pirates, coast,snacks,fist,warp,barked,nerve, spread ,cutley, files,trap,sings,form,stale,quiet,diary
3.17,last,bird,there,feel,begin,expect,beard,bowl, tired , could,barn,trail,simple,fires,practice,coats,sell,fit,warp,barked,neighbour,spread,cultry,files, trap, sings,form,stale, quite, diary, lost ,bolt,three,field,begin,expect,beard,bowl,tired,could,barn,trail,simple,fires,piares,culture,snakes,fist,warp,barked,never,spread,cultry,files,trap,sings,form,stale,quiet,diary
3.18,lost,bottle,hair,field,brings,expect,bread,bowls,tired,could,barn,, smile, fires, practice, coats,snakes,fits,warp,braked, never,spread,cluner,files, trap, sings, from,states,quite, diary, lots,bottle, three,field,brings,expect,bread,bowls,tied, could,bran, trails,smile,,practice,coats, snakes,fist,warp,braked,never,speed,should,files,trap,sings,from,stale,quiet,diary
3.19,lost,bolt,there,filed,beings,expert,bread,bowls,tired,could,barn,trial,smile,fires,parties,coats,sneaks, fits, warp, braked, never,sparked,cutlery,flies, trap, sings,from,Slate,quite,dairy, lots,Bolt, three, field, beings,except, bread, bowls, tried, could, bran,trail,smile,fires,pirates, coast, snakes,fist,warp,barked,nerve,spread,cruely, files, trap,sings, from,slate,quiet,dairy
3.20,lost,Bolt,there,field,beings,expect,bread,bowls,tired,could,barn,tiale,smile,fires,parties,coats,sankes,fits,warp,braked, never,spread, Curtley,friely, trap , sings, forms, Slate, quite, diary,lots,bolt, three, field, beings, expect,bread,bowls,tired,could,barn,trial, smile, fires,parties,coast,snakes, fist, warp,braked, never,spread,Curtley, files , trap ,sings, form,stale,quite,diary
3.21,first,bolt,there,field,beings,expect,bread,bowls,tired,could,barn,trial,smile,fires,parties,coats,snakes,fits,warp,braked,never,spread,cultery,flies,trap,signs,from,Slate,quite,diary,lots,blot,three,field,beings,expect,bread, blows,tired,could, bran, trial,slim,fries,pirates,coast,snakes,fist, warp,barked,nerve, spread,cruelty,flies,trap,sings,from,stale,quite,diary
3.25,lost,Bolt,there,field,beings,expect,bread,bowls,tried,cold,barn,trial,smile,fires,parties,coats,snakes,fist,wrap,braked,never,spread,cutlery,files,trap,sings,from,Slate,cutie,diary,lots,blot,three,field,beings,expect,beard,blows,tried,cloud,Bran,trail,smile,fries,parties,coat,snakes,fist,warp,braked,never,spread,cruelty,files,trap,sings,from,stale,cutie,diary
3.26,Lost,bolt,there,field,begins,expect,bread,blows,tired,could,bran,trial,smile,fires,parties,coats,snakes,fits,warp,braked,never,speard,cultury,files,trap,sings, from, stale,quiet,diary,lost, bolt, three,field,begins,expect,brean,bowls,tired,could,bran,trial,smile,fires,parties,coast,snacks,fist,warp,braked,never,spread,cultry,files,trap,signs,from,stale,quiet,diary
3.27,lost,bolt,there,field,begins,except,bread,bowls, tired, could, bran, trail, smile, fires,parties,coats,snakes,fits,warp, braked, never,spread,culture, files ,trap,sings,from,stale,quite,dry,lots, bolt,three, field,begins,except,beard, bowls, tired,could,bran,trail,smile,fires,parties,coast,snakes,fist,warp,braked,never,spread,cultry,files,trap,sings,from,stale,quiet,dry
3.28,lost,bolt,there,field,begins,expect,bread,bowls,tierd,could,bran,tiral,smile,fires,parties,coats,sneaks,fits,wrap,braked,never,spread,cutlery,fiels,trap,sings,from,slate,quiet,diary,lots,bolt,there,field,begin,expect,bread,bowls,tierd,could,bran,trail,smile,fiers,prates,coast,snakes,fist,wrap,braked,never,spread,cutly,flies,trap,sings,form,stale,quiet,diary
3.29,lost,Bolt,there,field,begins,expect,bread,bowls,tired,cloud,barn,trial,smile,fries,pirates,coats,snakes,fits,warp,braked,never,speard,cultery,files,tarp,sings,from,slate,quiet,dry,lost, bolt, there,field, begins , expect, bread,bowls, tired,cloud,bran,trial,smile,fries,pirates,coast,snake,fist,warp,barked, never,spread,cultury, files,tarp,sings, from,stale,quiet,dry
3.3,lost,Bolt,there,child,beginning,except,beard,bowls,tired,could,barn,trial,Simple,fires,parties,coats,snakes,fits,warp,barked,nerve,speard,cutlier,files,trap,sings,from,slate,quiet, diary, lost, Bolt,three,field , beginning,except,bread,blows,tried,could,barn,trail, slim,fries,pirates, coast, snake,fist,warp,barked, nerve, spread,cutley, files,trap,sings,from,stale,quite,dry
3.30,lost,blot,there,field,beings,except,, blows, tired,could,barn, trail, Snail,,,coats, sneaks,fits,wrap,, never,,cuttle,files,trap,sings,from,,quiet,dry,lost,blot,there,field,beings,except,bread,bowls,tired,could,barn,trail,smile,fires,pirates,,,fist,wrap,barked,never,,cuttle,files,trap,sings,from,slate,quiet,dry
3.31,lost,Bolt,there,field,beings,,beard,bowls,tired,could,barn,,smile,frish,,coats,snakes,fits,warp,braked,never,spread,cutley,files,trap,singles,from,state,quiet,diary,lost,bolt,three,field,begins,except,beard,blows,tired,could,bran,trail,slime,fresh,,coats,snake,fist,warp,braked,never,spread,cruelty,field,trap,sings,from,stale,quiet,diary
3.32,lost,blot,there,field,begins,expert,bread,blows,tired,could,barn,trail,smile,fires,practice,coats,snakes,fits,wrap,braked,never,craft,cultery,files,trap,sings,from,state,quiet,diary,lost,blot,three,field,begins,expert,bread,bowls,tired,Could,barn,trail,smile, fires, practice,coast,snakes,fist,warp,braked,never,spread,cultry,field,trap,sings,from,stale,quiet,dry
3.33,lost,bolt,there,field,beings,except,bread,blows,tired,could,barn,trail,smile,fires,parties,coats,snakes,fits,warp,braked,never,spread,cutley,flies,trap,sings,from,slate, quite, diary, Lost,bolt,tree,field,beings,except,bread,blows,tired,could,bran,trail,smile,fires,parties,coast,snakes,fist,warp,barked,never,spread,cruelty,fields,trap,sings,from, Slate,quite,diary
3.35,lost,Bolt,there,field,beings,expect,bread,bowls,tired,could,barn,trial,smile,fires,parties,coats,snakes,fits,warp,barked,never,speard,cutlier,files,tarp,sings,form,slate,quite,diary,lost, bolt, there, field,beings,expect,bread,blows,tired ,could,barn,trial,smile,fires,praties,coats, snakes, fits, warp,barked,never, spread,,,trap,sings,form,slate,quite,diary
3.36,lost,Bolt,there,field,begins,expect,bread,balls,tired,code,Bond,trial,smile,wires,parties,coast,snakes,fit,warp,braked,never, spide, cutlery,flies,trap ,sings,from,slate,quiet,diary,lost,bolt,three,field,begins,expect,bird,bowls,tierd,could,barn,trial,smile,fries,parties,coats,snakes,fits,warp,barked,nerve,spread,cruetly,field,trap,sings,form,stale,quiet,dairy
3.37,lost,Bolt,there,field,beings,expect,bread,bowls,tired,could,barn,trial,smile,fires,parties,coats,sneaks,fits,wrap,braked,never,spread,cutlery,flies,tarp,signs,form,Slate,quite,diary,lots,blot,three,field,begins,except,bread,blows,tried,cloud,bran,trail,smile,fires,pirates,coast,snakes,fist,wrap,barked,nerve,spread,cruelty,files,trap,sings,from,stale,quiet,diary
3.38,lost,Bolt,there,field,beings,expect,bread,bowls,tired,could,barn,trial,smile,fires,parties,coats,snakes,fits,warp,braked,never,speard,cutlery,flies,tarp,Sings,form,Slate,quite,diary,Lots,blot,three,field,beings,except,bread,blows,tired,could,bran,trial,smile,fries,pirates,coast,snakes,fist,warp,barked,nerve,spread,cruelty,flies,trap,sings,from,stale,quite,dairy
3.39,lost,Bolt,there,field,begins,expect,breed,bowls,tired,could,barn,trial,smile,fires,parties,coats,sneaks,fits,wrap,braked,never,speard,cutlery,files,trap,signs,form,slate,quiet,diary,lots,blot,three,field,begins,expect,bread,blows,tired,cloud,bran,trial,Slime,fries,pirates,coast,snakes,fist,wrap,barked,nerve,spread,cruelity,files,trap,sings,from,stale,quiet,diary
3.4,lost,bolt,there,field,beings,expect,bread,bowls,tied,cold,barn,trial,smile,fries,parties, coast,snakes, fits,wrap,braked,never,spared,cult,files,trap,sings,form,slate,quiet,diary,lost,bolt,three,field,begins,expect,bread,flows,tried,could,bran,trail,smile, flies,pistaes,coast,snakes,fist,warp,barked,nerve,spread,,flies,trap,sings,from,stale,quiet,diary
3.40,lost,Bolt,there,field,beings,expect,bread,bowls,tired,could,barn,trial,smile,fires,parties,coats,sneaks,fits,warp,braked,never,spared,cuterly,fails,trap,sings,form,Slate,quite,diary,lots,bolt,three,field,begins,expect,bread,bowls,tried,could,bran,trail,Slime,files,pirates,coast,snakes,first,warp,barked,nerve,spread,cruelty,files,trap,sings,from,stale,quiet,diary
3.41,lost,Bolt,three,field,beings,expend,bread,,, cloud,,trial,, fires,priest,coast,snakes,fits,wrap,braked,never,spared,cutlery,files,trap,sings,form,slate,quiet,diary,lost,bolt,three,field,begins,expect,bread,blows,tired,cloud,bran,trail,slime,files,priates,coast,snakes,fist,warp,braked,nerve,spreed,cutlery,files,trap,sings,from,stale,quiet,diary
3.42,last,bottle,there,field,begins,expect,bread,blows,tired,sound,born,trail,smile,fresh,practice,coat,sneaks,fits,wrap, braked,near,spread,cutely,files,trap,sings,from,stale, quiet, diary, lost,bottle,three, field , begins,express,bread , blow, tired,should,bran,trail, smile, fresh,practice,coat,snakes,fist,warp,braked,near,,clutry,files,trap,sings, from, stale,quiet,diary
3.43,Lost,bolt,there,filed,begins,expect,bread,bowls,tired,could,bran,trail,smile,fires,particles,coats,sneaks,fights,warp,barked,never,spread,cutlery, files, trap,sing,from,set,quiet,diary,lots,bolt, tree,field, begins,expect,bread,bowls,tired, could,bran,trail,smile,fares,pirates,coats,snakes,fist,warp,braked,nerve,spread,curlety,files,trap,sings,from,stale,quiet,diary
3.45,lost,Bolt,there,field,being,expression,bread,bowls,tried,could,bring,trial,smile,fries,particles,coast,snakes,fist,wrap,brake,never,spread,cutlet,flies,trap,sings,from,slate,quite,diary,lost,blot,three,files,beings,except,,blows,tried,could,barn,trail,smile,fries,price,coast,snakes,fist,warp,barked,never,,cutley,files,trap,sings,from,stales,quiet,diary
3.46,lost,bold,there,field,beings,expect,bread,bowls,tired,could,barn,trail,smile, fires, parties, coats,snacks,fits,warp,barked,never,spread,cutlery,files,trap, sings, form,slate,quiet,diary,lost,bolt,there,field,beings,expect,bread,bowls,tired,cloud,barn,trail,smile, freeds, pirates,coats,snacks,fist,warp,barked,never,spread,cutlery,files, trap,sings, from,stale,quite,diary
3.47,last,Bolt,there,field,beings,expect,bread,bowls,tired,could,barn,trial,smile,fries,parties,coats,snakes,fits,warp,braked,never,speard,cutiels,fist,tarp,sings,form,Slate,quite,dairy,loads,bolt,three,fields,begins,expect,bird,bowls,tired,cloud,bran,trail,slime,frees,parties,coast,snakes,fist,warp,barked,nerve,spread,cruelty,foolish,trap,sings,from,stale,quiet,diary
3.48,lost,Bolt,there,field,beings,expect,bread,bowls,tried,could,barn,trail,smile,fires,parties,coats,snakes,fits,warp,braked,never,spread,cutlery,flies,trap,sings,form,settled,quiet,dry,lost,bolt,three,field,begin,expect,bread,bowl,tried,could,bran,trail,smile,fires,practice,coast,snakes,fist,warp,braked,never,spread,cutlery,files,trip,sings,from,stale,quiet,dry
3.49,lost,Bolt,there,field,beings,expect,bread,bowls,tired,could,barn,trial,smile,fires,parties,coats,snakes,fits,wrap,braked,never,speard,cutlery,files,trap,sings,form,slate,quiet,diary, lots, blot,tree,field,begins,expect,breed,blows,tried,cloud,bran,trial,smile,freeds,parties,test,snakes,fist,from,barked,nerve,speech,quickly,files,trap,sings,from,slate,quiet,diary
3.5,lot,blot,there,field,beginning,except,breed,blow,tired,could,bran,trail,smile, fries,parties,coats,snakes,fits,warp,braked,never,spread, cuttel, fly,trump,sing,form,settle,quiet,dry,lot,blot,three, field, beginning,except,breed, blow, tired,could, bran,trail, smile,fries,parties,coast,snake,fist,warp,brake,never,spreed,cutley,file,trump,sing,from,stale,quiet,dry
3.50,lost,Bolt,there,field,beings,expect,bread,bowls,tired,could,barn,trial,smile,fires,parties,coats,sneaks,fits,wrap,braked,never,spared,cutlery,files,tarp,sings,form,Slate,quite,diary,lots,blot,three,field,begin,excepted,beard,blows,tried,could,bran,trail,slime, fries,pirates, coast,snakes,fist,warp,barked,nerve,spread,cruely,files,trap,sings,from,slate,quiet,diary
3.51,lost,Bolt,there,field,beings,expect,bread,bowls,tired,could,barn,trail,smile,fires,parties,coast,snakes,fits,warp,barked,never,spread,cutlery,files,trap,sings,form,slate,quiet,diary,lots,blot,three,field,beings,expect,bread,bowls,tried,could,barn,trail,smile,fries,parties,coast,snakes,fist,warp,barked,nerve,spread,curltley,files,trap,sings,from,stale,quiet,diary
3.52,lost,bold,there,field,beings,expect,bread,bowls,tired,could,barn,trial,smile,fires,parties,coats,spains,fits,wrap,braked,never,spared,cutlery,flies,trap,sings,form,Slate,quite,diary,Lords,blots,three,field,begins,expect,bread,bowls,tried,cloud,bran,trail,smile,flies,pearts,coats,snakes,fist,warp,braked,nerve,spread,cutlery,flies,trap,sings,from,Slate,quite,diary
3.53,lost,bolt,there, field,beings,expect,bread,bowls,tired,could,barn,trial,smile,fires,parties,coats,sneaks,fits,wrap,braked,never,spared,cutlery,flies,tarp,sings,form,Slate,quite,diary,lots,blot,three,field,begins,except,bird,blouse,tried,cloud,Bran,trail,Slime,fries,pirates,coast,snakes,first,wrap,barked,nerved, spread ,cruelty,files,trap,sings,from,stale, quiet,diary
3.54,lost,Bolt,there,filed,beings,expect,bread,bowls,tired,could,barn,trial,smile,fires,parties,coats,sneaks,fits,wrap,braked,never,speard,cutlery,flies,trap,sings,from,slate,quite,diary,lots,blot,three,field,begins,except,beard,blows,tierd,cloud,bran,trail,slime,fries,pirates,coast,snakes,fist,wrap,barked,nerve,spread,cruelty,files,trap,signs,from,stale,quiet,diary
3.55,Lost,bolt,there,field,beings,expect,bread,bowls,tired,could,barn,trial,smile,fires,parties,coats,sneaks,fits,wrap,braked,never,spared,cutlery,flies,tarp,sings,from,slate,quiet,diary,lots,blot,three,field,begins,except,beard,blows,tried,cloud,barn,trail,slime, fries,pirates,coast,snakes,fist,warp,barked,nerve, spread ,cruelty,files,trap,sings,from,stale,quiet,diary
3.7,lost,bolt,there,field,beings,except,bread,bowls,tired,could, barn,trial, smile,first, parties,curts,snakes,fits,wrap,braked, never,speard, cutlery ,files,trap,sings,from,slate,quite,diary,lots,blot,three,field,beings,except,beard,blows,tired,could,bran, trail,slime, files,pirates,coast,snakes,fist,warp,barked,nerve,spread,cruetly,files,trap,sings,from,stale,quiet,diary
3.9,lost,bolt,three,field,beings,except,breed,blows,tired,could,barn,trial,slime,fairs,particles,coats,sneaks,feels,warm,braked,near,spread,cutley,files,tarp,sings,from,state,quiet,diary,lost,Bam,three,field,beings,except,bringed,blows,tierd,could,barn,trial,slime,files,parts,coast,snakes,fist,warm,barked,near,scent,crutuley,files,tarp,sings,form,state,quiet,diary
2.1,lost,Bolt,there,field,begins,expect,bread,blouse,that,could,print,train,smile,firs, practice,coats, snakes,fits,warp,braked,never,speard,quickly,,trap,sings,from,slate,quiet,delhi,lost,blot,three,field,begins,expect,bread,blown,tierd,could,bran,trial,smile,first,patties,coast,snakes,fist,warp,braked,never,smeat,crutley,firstly,trap,sings,from,stale,quies,diary
2.4,lost,Bolt,there,field,beings,expect,bread,bowls,tierd,could,barn,trial,smiles,fire,parties,coats,snakes,fits,warp,braked,never,spread,cutly,files,trap,sings,form,slate,quiet,diary,lost,bolt,three,field,beings,expect,bread,blows,tierd,could,bran,trail,smile,fiers,parties,coats,snakes,fist,warp,braked,never,spread,cutley,files,trap,sings,from,stale,quiet,diary
2.5,lost,bolt,there,field,begin,expect,bread,blows,tierd,could,bran,tial,smile,fries,practice,coat,snakes,fits,warp,barked,never,spread,cutlier,files,trap,signs,from,slate,quiet,diary,lots,bolt,there,field,begin,expect,bread,blow,tierd,could,bran,trail,smile,fiers,parties,coast,snakes,fist,warp,braked,nerve,spread,cutley,files,trap,sign,from,slate,quiet,diar
2.7,lost,but,there,field,being,expect,bread,bowls,tired,could,bear,tiale,smile,fires,parties,coast,snakes,fiels,warp,braked,never, separate ,quietly,flies,trap,signs,from,slate,quiet,diary,lost,bolt,three,field,begins,expect,bread,bowls,tierd,cloud,bran,trail,smile,fiers,pirates,coast,snakes,fist,wrap,barked,nerve,spread,quietly,feels,trap,sings,from,stall,quite,diary
2.8,lost,blot,there,field,, expect, bread, blows, tired, cloud,bran,trial,simple,fires,parties,coast,snakes,fist,warp,braked,never,spreed,quietly,files, trap,sings,from,slate,quiet,diary,lost,blot,there,field,beings, expect, bread, blow, tired, cloud, bran, trial,simple,trains,parties,coast,snake,fist,warp,braked, never, spread,, fails, trap,sing, from,slate,quiet,diary
